accX,accY,accZ,gyrX,gyrY,gyrZ,cmpX,cmpY,cmpZ,fr1,fr2,fr3,fr4,fr5,fl1,fl2,fl3,fl4,fl5,time
88.86898,1265.526,1465.776,346.335,-131.2613,-132.0447,-32.53219,-87.08221,-20.98046,0,0,0,0,0,0,0,0,0,0,0.01384127
90.49519,1321.421,1419.421,242.068,-104.609,-88.83573,-33.82575,-88.46577,-21.98437,0,0,0,0,0,0,0,0,0,0,0.02768253
90.49519,1321.421,1419.421,242.068,-104.609,-88.83573,-33.82575,-88.46577,-21.98437,0,0,0,0,0,0,0,0,0,0,0.04768253
90.49519,1321.421,1419.421,242.068,-104.609,-88.83573,-33.82575,-88.46577,-21.98437,0,0,0,0,0,0,0,0,0,0,0.06682014
90.49519,1321.421,1419.421,242.068,-104.609,-88.83573,-33.82575,-88.46577,-21.98437,0,0,0,0,0,0,0,0,0,0,0.08503781
90.49519,1321.421,1419.421,242.068,-104.609,-88.83573,-33.82575,-88.46577,-21.98437,0,0,0,0,0,0,0,0,0,0,0.100742
90.49519,1321.421,1419.421,242.068,-104.609,-88.83573,-33.82575,-88.46577,-21.98437,0,0,0,0,0,0,0,0,0,0,0.1189016
90.49519,1321.421,1419.421,242.068,-104.609,-88.83573,-33.82575,-88.46577,-21.98437,0,0,0,0,0,0,0,0,0,0,0.133025
96.19615,1356.937,1398.937,148.0544,-81.08723,-54.26859,-35.8606,-89.97262,-23.3875,0,0,0,0,0,0,0,0,0,0,0.1519243
96.19615,1356.937,1398.937,148.0544,-81.08723,-54.26859,-35.8606,-89.97262,-23.3875,0,0,0,0,0,0,0,0,0,0,0.1668031
96.19615,1356.937,1398.937,148.0544,-81.08723,-54.26859,-35.8606,-89.97262,-23.3875,0,0,0,0,0,0,0,0,0,0,0.185216
96.19615,1356.937,1398.937,148.0544,-81.08723,-54.26859,-35.8606,-89.97262,-23.3875,0,0,0,0,0,0,0,0,0,0,0.2000936
96.19615,1356.937,1398.937,148.0544,-81.08723,-54.26859,-35.8606,-89.97262,-23.3875,0,0,0,0,0,0,0,0,0,0,0.2178025
96.19615,1356.937,1398.937,148.0544,-81.08723,-54.26859,-35.8606,-89.97262,-23.3875,0,0,0,0,0,0,0,0,0,0,0.2342464
96.19615,1356.937,1398.937,148.0544,-81.08723,-54.26859,-35.8606,-89.97262,-23.3875,0,0,0,0,0,0,0,0,0,0,0.2509593
103.5569,1379.15,1386.949,109.0435,-63.46978,-39.61487,-36.88848,-90.7781,-24.51,0,0,0,0,0,0,0,0,0,0,0.2674266
103.5569,1379.15,1386.949,109.0435,-63.46978,-39.61487,-36.88848,-90.7781,-24.51,0,0,0,0,0,0,0,0,0,0,0.2851306
103.5569,1379.15,1386.949,109.0435,-63.46978,-39.61487,-36.88848,-90.7781,-24.51,0,0,0,0,0,0,0,0,0,0,0.3001135
103.5569,1379.15,1386.949,109.0435,-63.46978,-39.61487,-36.88848,-90.7781,-24.51,0,0,0,0,0,0,0,0,0,0,0.3188868
110.8455,1399.72,1366.559,86.83482,-49.77583,-29.4919,-38.11079,-90.62248,-24.208,0,0,0,0,0,0,0,0,0,0,0.3335542
110.8455,1399.72,1366.559,86.83482,-49.77583,-29.4919,-38.11079,-90.62248,-24.208,0,0,0,0,0,0,0,0,0,0,0.3519813
110.8455,1399.72,1366.559,86.83482,-49.77583,-29.4919,-38.11079,-90.62248,-24.208,0,0,0,0,0,0,0,0,0,0,0.3668813
110.8455,1399.72,1366.559,86.83482,-49.77583,-29.4919,-38.11079,-90.62248,-24.208,0,0,0,0,0,0,0,0,0,0,0.3851097
110.8455,1399.72,1366.559,86.83482,-49.77583,-29.4919,-38.11079,-90.62248,-24.208,0,0,0,0,0,0,0,0,0,0,0.4001514
110.8455,1399.72,1366.559,86.83482,-49.77583,-29.4919,-38.11079,-90.62248,-24.208,0,0,0,0,0,0,0,0,0,0,0.41905
114.4764,1416.976,1348.648,65.26785,-38.22066,-21.59352,-39.68863,-90.29799,-24.5664,0,0,0,0,0,0,0,0,0,0,0.4335422
114.4764,1416.976,1348.648,65.26785,-38.22066,-21.59352,-39.68863,-90.29799,-24.5664,0,0,0,0,0,0,0,0,0,0,0.4520024
accX,accY,accZ,gyrX,gyrY,gyrZ,cmpX,cmpY,cmpZ,fr1,fr2,fr3,fr4,fr5,fl1,fl2,fl3,fl4,fl5,time
0,0,0,0,0,0,0,0,0,0,0,0,0,0,0,0,0,0,0,0.04027597
0,0,0,0,0,0,0,0,0,0,0,0,0,0,0,0,0,0,0,0.08055194
0,0,0,0,0,0,0,0,0,0,0,0,0,0,0,0,0,0,0,0.1005519
0,0,0,0,0,0,0,0,0,0,0,0,0,0,0,0,0,0,0,0.1216752
0,0,0,0,0,0,0,0,0,0,0,0,0,0,0,0,0,0,0,0.1538331
0,0,0,0,0,0,0,0,0,0,0,0,0,0,0,0,0,0,0,0.1919673
0,0,0,0,0,0,0,0,0,0,0,0,0,0,0,0,0,0,0,0.2319841
0,0,0,0,0,0,0,0,0,0,0,0,0,0,0,0,0,0,0,0.2635359
0,0,0,0,0,0,0,0,0,0,0,0,0,0,0,0,0,0,0,0.2988523
0,0,0,0,0,0,0,0,0,0,0,0,0,0,0,0,0,0,0,0.3363598
0,0,0,0,0,0,0,0,0,0,0,0,0,0,0,0,0,0,0,0.3654831
0,0,0,0,0,0,0,0,0,0,0,0,0,0,0,0,0,0,0,0.398387
0,0,0,0,0,0,0,0,0,0,0,0,0,0,0,0,0,0,0,0.434255
0,0,0,0,0,0,0,0,0,0,0,0,0,0,0,0,0,0,0,0.4781095
0,0,0,0,0,0,0,0,0,0,0,0,0,0,0,0,0,0,0,0.5092495
0,0,0,0,0,0,0,0,0,0,0,0,0,0,0,0,0,0,0,0.5384638
0,0,0,0,0,0,0,0,0,0,0,0,0,0,0,0,0,0,0,0.5771574
0,0,0,0,0,0,0,0,0,0,0,0,0,0,0,0,0,0,0,0.6064153
0,0,0,0,0,0,0,0,0,0,0,0,0,0,0,0,0,0,0,0.6475585
0,0,0,0,0,0,0,0,0,0,0,0,0,0,0,0,0,0,0,0.6759826
0,0,0,0,0,0,0,0,0,0,0,0,0,0,0,0,0,0,0,0.7172028
0,0,0,0,0,0,0,0,0,0,0,0,0,0,0,0,0,0,0,0.7468899
0,0,0,0,0,0,0,0,0,0,0,0,0,0,0,0,0,0,0,0.7862633
0,0,0,0,0,0,0,0,0,0,0,0,0,0,0,0,0,0,0,0.81569
0,0,0,0,0,0,0,0,0,0,0,0,0,0,0,0,0,0,0,0.8555542
0,0,0,0,0,0,0,0,0,0,0,0,0,0,0,0,0,0,0,0.8855351
0,0,0,0,0,0,0,0,0,0,0,0,0,0,0,0,0,0,0,0.9255725
0,0,0,0,0,0,0,0,0,0,0,0,0,0,0,0,0,0,0,0.9558471
0,0,0,0,0,0,0,0,0,0,0,0,0,0,0,0,0,0,0,0.9867369
0,0,0,0,0,0,0,0,0,0,0,0,0,0,0,0,0,0,0,1.026865
0,0,0,0,0,0,0,0,0,0,0,0,0,0,0,0,0,0,0,1.056284
0,0,0,0,0,0,0,0,0,0,0,0,0,0,0,0,0,0,0,1.097206
0,0,0,0,0,0,0,0,0,0,0,0,0,0,0,0,0,0,0,1.126124
0,0,0,0,0,0,0,0,0,0,0,0,0,0,0,0,0,0,0,1.166958
0,0,0,0,0,0,0,0,0,0,0,0,0,0,0,0,0,0,0,1.196153
0,0,0,0,0,0,0,0,0,0,0,0,0,0,0,0,0,0,0,1.2379
0,0,0,0,0,0,0,0,0,0,0,0,0,0,0,0,0,0,0,1.265782
0,0,0,0,0,0,0,0,0,0,0,0,0,0,0,0,0,0,0,1.302626
0,0,0,0,0,0,0,0,0,0,0,0,0,0,0,0,0,0,0,1.341871
0,0,0,0,0,0,0,0,0,0,0,0,0,0,0,0,0,0,0,1.372017
0,0,0,0,0,0,0,0,0,0,0,0,0,0,0,0,0,0,0,1.413801
0,0,0,0,0,0,0,0,0,0,0,0,0,0,0,0,0,0,0,1.444229
0,0,0,0,0,0,0,0,0,0,0,0,0,0,0,0,0,0,0,1.486354
0,0,0,0,0,0,0,0,0,0,0,0,0,0,0,0,0,0,0,1.516718
0,0,0,0,0,0,0,0,0,0,0,0,0,0,0,0,0,0,0,1.601081
0,0,0,0,0,0,0,0,0,0,0,0,0,0,0,0,0,0,0,1.623391
0,0,0,0,0,0,0,0,0,0,0,0,0,0,0,0,0,0,0,1.644944
0,0,0,0,0,0,0,0,0,0,0,0,0,0,0,0,0,0,0,1.685439
0,0,0,0,0,0,0,0,0,0,0,0,0,0,0,0,0,0,0,1.711742
0,0,0,0,0,0,0,0,0,0,0,0,0,0,0,0,0,0,0,1.754631
0,0,0,0,0,0,0,0,0,0,0,0,0,0,0,0,0,0,0,1.786662
0,0,0,0,0,0,0,0,0,0,0,0,0,0,0,0,0,0,0,1.830559
0,0,0,0,0,0,0,0,0,0,0,0,0,0,0,0,0,0,0,1.857462
0,0,0,0,0,0,0,0,0,0,0,0,0,0,0,0,0,0,0,1.887546
0,0,0,0,0,0,0,0,0,0,0,0,0,0,0,0,0,0,0,1.926529
0,0,0,0,0,0,0,0,0,0,0,0,0,0,0,0,0,0,0,1.957034
0,0,0,0,0,0,0,0,0,0,0,0,0,0,0,0,0,0,0,1.997457
0,0,0,0,0,0,0,0,0,0,0,0,0,0,0,0,0,0,0,2.026622
0,0,0,0,0,0,0,0,0,0,0,0,0,0,0,0,0,0,0,2.066884
0,0,0,0,0,0,0,0,0,0,0,0,0,0,0,0,0,0,0,2.096269
0,0,0,0,0,0,0,0,0,0,0,0,0,0,0,0,0,0,0,2.136961
0,0,0,0,0,0,0,0,0,0,0,0,0,0,0,0,0,0,0,2.165859
0,0,0,0,0,0,0,0,0,0,0,0,0,0,0,0,0,0,0,2.206836
0,0,0,0,0,0,0,0,0,0,0,0,0,0,0,0,0,0,0,2.23571
0,0,0,0,0,0,0,0,0,0,0,0,0,0,0,0,0,0,0,2.276233
0,0,0,0,0,0,0,0,0,0,0,0,0,0,0,0,0,0,0,2.310421
0,0,0,0,0,0,0,0,0,0,0,0,0,0,0,0,0,0,0,2.345792
0,0,0,0,0,0,0,0,0,0,0,0,0,0,0,0,0,0,0,2.378656
0,0,0,0,0,0,0,0,0,0,0,0,0,0,0,0,0,0,0,2.410313
0,0,0,0,0,0,0,0,0,0,0,0,0,0,0,0,0,0,0,2.442845
0,0,0,0,0,0,0,0,0,0,0,0,0,0,0,0,0,0,0,2.482334
0,0,0,0,0,0,0,0,0,0,0,0,0,0,0,0,0,0,0,2.522612
0,0,0,0,0,0,0,0,0,0,0,0,0,0,0,0,0,0,0,2.549905
0,0,0,0,0,0,0,0,0,0,0,0,0,0,0,0,0,0,0,2.58471
0,0,0,0,0,0,0,0,0,0,0,0,0,0,0,0,0,0,0,2.62412
0,0,0,0,0,0,0,0,0,0,0,0,0,0,0,0,0,0,0,2.654479
0,0,0,0,0,0,0,0,0,0,0,0,0,0,0,0,0,0,0,2.69332
0,0,0,0,0,0,0,0,0,0,0,0,0,0,0,0,0,0,0,2.722046
0,0,0,0,0,0,0,0,0,0,0,0,0,0,0,0,0,0,0,2.76354
0,0,0,0,0,0,0,0,0,0,0,0,0,0,0,0,0,0,0,2.792904
0,0,0,0,0,0,0,0,0,0,0,0,0,0,0,0,0,0,0,2.833148
0,0,0,0,0,0,0,0,0,0,0,0,0,0,0,0,0,0,0,2.862253
0,0,0,0,0,0,0,0,0,0,0,0,0,0,0,0,0,0,0,2.903351
0,0,0,0,0,0,0,0,0,0,0,0,0,0,0,0,0,0,0,2.931884
0,0,0,0,0,0,0,0,0,0,0,0,0,0,0,0,0,0,0,2.973545
0,0,0,0,0,0,0,0,0,0,0,0,0,0,0,0,0,0,0,3.00195
0,0,0,0,0,0,0,0,0,0,0,0,0,0,0,0,0,0,0,3.043031
0,0,0,0,0,0,0,0,0,0,0,0,0,0,0,0,0,0,0,3.072872
0,0,0,0,0,0,0,0,0,0,0,0,0,0,0,0,0,0,0,3.112585
0,0,0,0,0,0,0,0,0,0,0,0,0,0,0,0,0,0,0,3.141799
0,0,0,0,0,0,0,0,0,0,0,0,0,0,0,0,0,0,0,3.184721
0,0,0,0,0,0,0,0,0,0,0,0,0,0,0,0,0,0,0,3.214165
0,0,0,0,0,0,0,0,0,0,0,0,0,0,0,0,0,0,0,3.243713
0,0,0,0,0,0,0,0,0,0,0,0,0,0,0,0,0,0,0,3.282785
0,0,0,0,0,0,0,0,0,0,0,0,0,0,0,0,0,0,0,3.31309
0,0,0,0,0,0,0,0,0,0,0,0,0,0,0,0,0,0,0,3.352773
0,0,0,0,0,0,0,0,0,0,0,0,0,0,0,0,0,0,0,3.385682
0,0,0,0,0,0,0,0,0,0,0,0,0,0,0,0,0,0,0,3.42728
0,0,0,0,0,0,0,0,0,0,0,0,0,0,0,0,0,0,0,3.454023
0,0,0,0,0,0,0,0,0,0,0,0,0,0,0,0,0,0,0,3.489303
0,0,0,0,0,0,0,0,0,0,0,0,0,0,0,0,0,0,0,3.528277
0,0,0,0,0,0,0,0,0,0,0,0,0,0,0,0,0,0,0,3.559463
0,0,0,0,0,0,0,0,0,0,0,0,0,0,0,0,0,0,0,3.599507
0,0,0,0,0,0,0,0,0,0,0,0,0,0,0,0,0,0,0,3.629414
0,0,0,0,0,0,0,0,0,0,0,0,0,0,0,0,0,0,0,3.672117
0,0,0,0,0,0,0,0,0,0,0,0,0,0,0,0,0,0,0,3.702182
0,0,0,0,0,0,0,0,0,0,0,0,0,0,0,0,0,0,0,3.730433
0,0,0,0,0,0,0,0,0,0,0,0,0,0,0,0,0,0,0,3.770939
0,0,0,0,0,0,0,0,0,0,0,0,0,0,0,0,0,0,0,3.822521
0,0,0,0,0,0,0,0,0,0,0,0,0,0,0,0,0,0,0,3.845955
0,0,0,0,0,0,0,0,0,0,0,0,0,0,0,0,0,0,0,3.870305
0,0,0,0,0,0,0,0,0,0,0,0,0,0,0,0,0,0,0,3.910832
0,0,0,0,0,0,0,0,0,0,0,0,0,0,0,0,0,0,0,3.940027
0,0,0,0,0,0,0,0,0,0,0,0,0,0,0,0,0,0,0,3.980773
0,0,0,0,0,0,0,0,0,0,0,0,0,0,0,0,0,0,0,4.010174
0,0,0,0,0,0,0,0,0,0,0,0,0,0,0,0,0,0,0,4.050967
0,0,0,0,0,0,0,0,0,0,0,0,0,0,0,0,0,0,0,4.080054
0,0,0,0,0,0,0,0,0,0,0,0,0,0,0,0,0,0,0,4.121014
0,0,0,0,0,0,0,0,0,0,0,0,0,0,0,0,0,0,0,4.149989
0,0,0,0,0,0,0,0,0,0,0,0,0,0,0,0,0,0,0,4.191506
0,0,0,0,0,0,0,0,0,0,0,0,0,0,0,0,0,0,0,4.219859
0,0,0,0,0,0,0,0,0,0,0,0,0,0,0,0,0,0,0,4.26082
0,0,0,0,0,0,0,0,0,0,0,0,0,0,0,0,0,0,0,4.289555
0,0,0,0,0,0,0,0,0,0,0,0,0,0,0,0,0,0,0,4.33041
0,0,0,0,0,0,0,0,0,0,0,0,0,0,0,0,0,0,0,4.359614
0,0,0,0,0,0,0,0,0,0,0,0,0,0,0,0,0,0,0,4.399826
0,0,0,0,0,0,0,0,0,0,0,0,0,0,0,0,0,0,0,4.429403
0,0,0,0,0,0,0,0,0,0,0,0,0,0,0,0,0,0,0,4.473479
0,0,0,0,0,0,0,0,0,0,0,0,0,0,0,0,0,0,0,4.504449
0,0,0,0,0,0,0,0,0,0,0,0,0,0,0,0,0,0,0,4.534897
0,0,0,0,0,0,0,0,0,0,0,0,0,0,0,0,0,0,0,4.573825
0,0,0,0,0,0,0,0,0,0,0,0,0,0,0,0,0,0,0,4.602389
0,0,0,0,0,0,0,0,0,0,0,0,0,0,0,0,0,0,0,4.643415
0,0,0,0,0,0,0,0,0,0,0,0,0,0,0,0,0,0,0,4.678561
0,0,0,0,0,0,0,0,0,0,0,0,0,0,0,0,0,0,0,4.707636
0,0,0,0,0,0,0,0,0,0,0,0,0,0,0,0,0,0,0,4.75096
0,0,0,0,0,0,0,0,0,0,0,0,0,0,0,0,0,0,0,4.777746
0,0,0,0,0,0,0,0,0,0,0,0,0,0,0,0,0,0,0,4.813307
0,0,0,0,0,0,0,0,0,0,0,0,0,0,0,0,0,0,0,4.847466
0,0,0,0,0,0,0,0,0,0,0,0,0,0,0,0,0,0,0,4.887366
0,0,0,0,0,0,0,0,0,0,0,0,0,0,0,0,0,0,0,4.917577
0,0,0,0,0,0,0,0,0,0,0,0,0,0,0,0,0,0,0,4.948863
0,0,0,0,0,0,0,0,0,0,0,0,0,0,0,0,0,0,0,4.987419
0,0,0,0,0,0,0,0,0,0,0,0,0,0,0,0,0,0,0,5.018813
0,0,0,0,0,0,0,0,0,0,0,0,0,0,0,0,0,0,0,5.058146
0,0,0,0,0,0,0,0,0,0,0,0,0,0,0,0,0,0,0,5.088637
0,0,0,0,0,0,0,0,0,0,0,0,0,0,0,0,0,0,0,5.129056
0,0,0,0,0,0,0,0,0,0,0,0,0,0,0,0,0,0,0,5.158609
0,0,0,0,0,0,0,0,0,0,0,0,0,0,0,0,0,0,0,5.198835
0,0,0,0,0,0,0,0,0,0,0,0,0,0,0,0,0,0,0,5.228654
0,0,0,0,0,0,0,0,0,0,0,0,0,0,0,0,0,0,0,5.268756
0,0,0,0,0,0,0,0,0,0,0,0,0,0,0,0,0,0,0,5.299023
0,0,0,0,0,0,0,0,0,0,0,0,0,0,0,0,0,0,0,5.338929
0,0,0,0,0,0,0,0,0,0,0,0,0,0,0,0,0,0,0,5.368805
0,0,0,0,0,0,0,0,0,0,0,0,0,0,0,0,0,0,0,5.408979
0,0,0,0,0,0,0,0,0,0,0,0,0,0,0,0,0,0,0,5.438566
0,0,0,0,0,0,0,0,0,0,0,0,0,0,0,0,0,0,0,5.480403
0,0,0,0,0,0,0,0,0,0,0,0,0,0,0,0,0,0,0,5.509829
0,0,0,0,0,0,0,0,0,0,0,0,0,0,0,0,0,0,0,5.552372
0,0,0,0,0,0,0,0,0,0,0,0,0,0,0,0,0,0,0,5.582954
0,0,0,0,0,0,0,0,0,0,0,0,0,0,0,0,0,0,0,5.615496
0,0,0,0,0,0,0,0,0,0,0,0,0,0,0,0,0,0,0,5.654262
0,0,0,0,0,0,0,0,0,0,0,0,0,0,0,0,0,0,0,5.684025
0,0,0,0,0,0,0,0,0,0,0,0,0,0,0,0,0,0,0,5.722496
0,0,0,0,0,0,0,0,0,0,0,0,0,0,0,0,0,0,0,5.75533
0,0,0,0,0,0,0,0,0,0,0,0,0,0,0,0,0,0,0,5.797206
0,0,0,0,0,0,0,0,0,0,0,0,0,0,0,0,0,0,0,5.828032
0,0,0,0,0,0,0,0,0,0,0,0,0,0,0,0,0,0,0,5.864823
0,0,0,0,0,0,0,0,0,0,0,0,0,0,0,0,0,0,0,5.895957
0,0,0,0,0,0,0,0,0,0,0,0,0,0,0,0,0,0,0,5.935292
0,0,0,0,0,0,0,0,0,0,0,0,0,0,0,0,0,0,0,5.965974
0,0,0,0,0,0,0,0,0,0,0,0,0,0,0,0,0,0,0,6.005193
0,0,0,0,0,0,0,0,0,0,0,0,0,0,0,0,0,0,0,6.034173
0,0,0,0,0,0,0,0,0,0,0,0,0,0,0,0,0,0,0,6.075194
0,0,0,0,0,0,0,0,0,0,0,0,0,0,0,0,0,0,0,6.104462
0,0,0,0,0,0,0,0,0,0,0,0,0,0,0,0,0,0,0,6.145203
0,0,0,0,0,0,0,0,0,0,0,0,0,0,0,0,0,0,0,6.174149
0,0,0,0,0,0,0,0,0,0,0,0,0,0,0,0,0,0,0,6.215609
0,0,0,0,0,0,0,0,0,0,0,0,0,0,0,0,0,0,0,6.246774
0,0,0,0,0,0,0,0,0,0,0,0,0,0,0,0,0,0,0,6.285133
0,0,0,0,0,0,0,0,0,0,0,0,0,0,0,0,0,0,0,6.314217
0,0,0,0,0,0,0,0,0,0,0,0,0,0,0,0,0,0,0,6.354899
0,0,0,0,0,0,0,0,0,0,0,0,0,0,0,0,0,0,0,6.384352
0,0,0,0,0,0,0,0,0,0,0,0,0,0,0,0,0,0,0,6.425092
0,0,0,0,0,0,0,0,0,0,0,0,0,0,0,0,0,0,0,6.454035
0,0,0,0,0,0,0,0,0,0,0,0,0,0,0,0,0,0,0,6.494254
0,0,0,0,0,0,0,0,0,0,0,0,0,0,0,0,0,0,0,6.524215
0,0,0,0,0,0,0,0,0,0,0,0,0,0,0,0,0,0,0,6.564204
0,0,0,0,0,0,0,0,0,0,0,0,0,0,0,0,0,0,0,6.594756
0,0,0,0,0,0,0,0,0,0,0,0,0,0,0,0,0,0,0,6.637094
0,0,0,0,0,0,0,0,0,0,0,0,0,0,0,0,0,0,0,6.667461
0,0,0,0,0,0,0,0,0,0,0,0,0,0,0,0,0,0,0,6.699493
0,0,0,0,0,0,0,0,0,0,0,0,0,0,0,0,0,0,0,6.730891
0,0,0,0,0,0,0,0,0,0,0,0,0,0,0,0,0,0,0,6.76661
0,0,0,0,0,0,0,0,0,0,0,0,0,0,0,0,0,0,0,6.806599
0,0,0,0,0,0,0,0,0,0,0,0,0,0,0,0,0,0,0,6.840185
0,0,0,0,0,0,0,0,0,0,0,0,0,0,0,0,0,0,0,6.874172
0,0,0,0,0,0,0,0,0,0,0,0,0,0,0,0,0,0,0,6.909244
0,0,0,0,0,0,0,0,0,0,0,0,0,0,0,0,0,0,0,6.944463
0,0,0,0,0,0,0,0,0,0,0,0,0,0,0,0,0,0,0,6.979096
0,0,0,0,0,0,0,0,0,0,0,0,0,0,0,0,0,0,0,7.014423
0,0,0,0,0,0,0,0,0,0,0,0,0,0,0,0,0,0,0,7.051229
0,0,0,0,0,0,0,0,0,0,0,0,0,0,0,0,0,0,0,7.088692
0,0,0,0,0,0,0,0,0,0,0,0,0,0,0,0,0,0,0,7.117835
0,0,0,0,0,0,0,0,0,0,0,0,0,0,0,0,0,0,0,7.158169
0,0,0,0,0,0,0,0,0,0,0,0,0,0,0,0,0,0,0,7.1878
0,0,0,0,0,0,0,0,0,0,0,0,0,0,0,0,0,0,0,7.23055
0,0,0,0,0,0,0,0,0,0,0,0,0,0,0,0,0,0,0,7.258739
0,0,0,0,0,0,0,0,0,0,0,0,0,0,0,0,0,0,0,7.297712
0,0,0,0,0,0,0,0,0,0,0,0,0,0,0,0,0,0,0,7.32747
0,0,0,0,0,0,0,0,0,0,0,0,0,0,0,0,0,0,0,7.367335
0,0,0,0,0,0,0,0,0,0,0,0,0,0,0,0,0,0,0,7.400159
0,0,0,0,0,0,0,0,0,0,0,0,0,0,0,0,0,0,0,7.437864
0,0,0,0,0,0,0,0,0,0,0,0,0,0,0,0,0,0,0,7.46779
0,0,0,0,0,0,0,0,0,0,0,0,0,0,0,0,0,0,0,7.507763
0,0,0,0,0,0,0,0,0,0,0,0,0,0,0,0,0,0,0,7.541327
0,0,0,0,0,0,0,0,0,0,0,0,0,0,0,0,0,0,0,7.570423
0,0,0,0,0,0,0,0,0,0,0,0,0,0,0,0,0,0,0,7.610461
0,0,0,0,0,0,0,0,0,0,0,0,0,0,0,0,0,0,0,7.648352
0,0,0,0,0,0,0,0,0,0,0,0,0,0,0,0,0,0,0,7.677351
0,0,0,0,0,0,0,0,0,0,0,0,0,0,0,0,0,0,0,7.708785
0,0,0,0,0,0,0,0,0,0,0,0,0,0,0,0,0,0,0,7.747595
0,0,0,0,0,0,0,0,0,0,0,0,0,0,0,0,0,0,0,7.784838
0,0,0,0,0,0,0,0,0,0,0,0,0,0,0,0,0,0,0,7.823817
0,0,0,0,0,0,0,0,0,0,0,0,0,0,0,0,0,0,0,7.85803
0,0,0,0,0,0,0,0,0,0,0,0,0,0,0,0,0,0,0,7.892145
0,0,0,0,0,0,0,0,0,0,0,0,0,0,0,0,0,0,0,7.925235
0,0,0,0,0,0,0,0,0,0,0,0,0,0,0,0,0,0,0,7.961556
0,0,0,0,0,0,0,0,0,0,0,0,0,0,0,0,0,0,0,7.995829
0,0,0,0,0,0,0,0,0,0,0,0,0,0,0,0,0,0,0,8.030801
0,0,0,0,0,0,0,0,0,0,0,0,0,0,0,0,0,0,0,8.065948
0,0,0,0,0,0,0,0,0,0,0,0,0,0,0,0,0,0,0,8.09886
0,0,0,0,0,0,0,0,0,0,0,0,0,0,0,0,0,0,0,8.140074
0,0,0,0,0,0,0,0,0,0,0,0,0,0,0,0,0,0,0,8.16948
0,0,0,0,0,0,0,0,0,0,0,0,0,0,0,0,0,0,0,8.210534
0,0,0,0,0,0,0,0,0,0,0,0,0,0,0,0,0,0,0,8.240073
0,0,0,0,0,0,0,0,0,0,0,0,0,0,0,0,0,0,0,8.280332
0,0,0,0,0,0,0,0,0,0,0,0,0,0,0,0,0,0,0,8.309552
0,0,0,0,0,0,0,0,0,0,0,0,0,0,0,0,0,0,0,8.350224
0,0,0,0,0,0,0,0,0,0,0,0,0,0,0,0,0,0,0,8.379395
0,0,0,0,0,0,0,0,0,0,0,0,0,0,0,0,0,0,0,8.419885
0,0,0,0,0,0,0,0,0,0,0,0,0,0,0,0,0,0,0,8.449457
0,0,0,0,0,0,0,0,0,0,0,0,0,0,0,0,0,0,0,8.489583
0,0,0,0,0,0,0,0,0,0,0,0,0,0,0,0,0,0,0,8.519634
0,0,0,0,0,0,0,0,0,0,0,0,0,0,0,0,0,0,0,8.55954
0,0,0,0,0,0,0,0,0,0,0,0,0,0,0,0,0,0,0,8.594887
0,0,0,0,0,0,0,0,0,0,0,0,0,0,0,0,0,0,0,8.629386
0,0,0,0,0,0,0,0,0,0,0,0,0,0,0,0,0,0,0,8.65941
0,0,0,0,0,0,0,0,0,0,0,0,0,0,0,0,0,0,0,8.699379
0,0,0,0,0,0,0,0,0,0,0,0,0,0,0,0,0,0,0,8.729436
0,0,0,0,0,0,0,0,0,0,0,0,0,0,0,0,0,0,0,8.769556
0,0,0,0,0,0,0,0,0,0,0,0,0,0,0,0,0,0,0,8.799184
0,0,0,0,0,0,0,0,0,0,0,0,0,0,0,0,0,0,0,8.839718
0,0,0,0,0,0,0,0,0,0,0,0,0,0,0,0,0,0,0,8.874758
0,0,0,0,0,0,0,0,0,0,0,0,0,0,0,0,0,0,0,8.909399
0,0,0,0,0,0,0,0,0,0,0,0,0,0,0,0,0,0,0,8.944036
0,0,0,0,0,0,0,0,0,0,0,0,0,0,0,0,0,0,0,8.984418
0,0,0,0,0,0,0,0,0,0,0,0,0,0,0,0,0,0,0,9.018442
0,0,0,0,0,0,0,0,0,0,0,0,0,0,0,0,0,0,0,9.054481
0,0,0,0,0,0,0,0,0,0,0,0,0,0,0,0,0,0,0,9.089247
0,0,0,0,0,0,0,0,0,0,0,0,0,0,0,0,0,0,0,9.124731
0,0,0,0,0,0,0,0,0,0,0,0,0,0,0,0,0,0,0,9.15975
0,0,0,0,0,0,0,0,0,0,0,0,0,0,0,0,0,0,0,9.190847
0,0,0,0,0,0,0,0,0,0,0,0,0,0,0,0,0,0,0,9.223882
0,0,0,0,0,0,0,0,0,0,0,0,0,0,0,0,0,0,0,9.254607
0,0,0,0,0,0,0,0,0,0,0,0,0,0,0,0,0,0,0,9.293444
0,0,0,0,0,0,0,0,0,0,0,0,0,0,0,0,0,0,0,9.324229
0,0,0,0,0,0,0,0,0,0,0,0,0,0,0,0,0,0,0,9.364627
0,0,0,0,0,0,0,0,0,0,0,0,0,0,0,0,0,0,0,9.395067
0,0,0,0,0,0,0,0,0,0,0,0,0,0,0,0,0,0,0,9.433599
0,0,0,0,0,0,0,0,0,0,0,0,0,0,0,0,0,0,0,9.464519
0,0,0,0,0,0,0,0,0,0,0,0,0,0,0,0,0,0,0,9.546033
0,0,0,0,0,0,0,0,0,0,0,0,0,0,0,0,0,0,0,9.575448
0,0,0,0,0,0,0,0,0,0,0,0,0,0,0,0,0,0,0,9.605176
0,0,0,0,0,0,0,0,0,0,0,0,0,0,0,0,0,0,0,9.635319
0,0,0,0,0,0,0,0,0,0,0,0,0,0,0,0,0,0,0,9.666365
0,0,0,0,0,0,0,0,0,0,0,0,0,0,0,0,0,0,0,9.695527
0,0,0,0,0,0,0,0,0,0,0,0,0,0,0,0,0,0,0,9.731858
0,0,0,0,0,0,0,0,0,0,0,0,0,0,0,0,0,0,0,9.769187
0,0,0,0,0,0,0,0,0,0,0,0,0,0,0,0,0,0,0,9.803107
0,0,0,0,0,0,0,0,0,0,0,0,0,0,0,0,0,0,0,9.834108
0,0,0,0,0,0,0,0,0,0,0,0,0,0,0,0,0,0,0,9.873391
0,0,0,0,0,0,0,0,0,0,0,0,0,0,0,0,0,0,0,9.91153
0,0,0,0,0,0,0,0,0,0,0,0,0,0,0,0,0,0,0,9.947886
0,0,0,0,0,0,0,0,0,0,0,0,0,0,0,0,0,0,0,9.984695
0,0,0,0,0,0,0,0,0,0,0,0,0,0,0,0,0,0,0,10.02088
0,0,0,0,0,0,0,0,0,0,0,0,0,0,0,0,0,0,0,10.05633
0,0,0,0,0,0,0,0,0,0,0,0,0,0,0,0,0,0,0,10.09213
0,0,0,0,0,0,0,0,0,0,0,0,0,0,0,0,0,0,0,10.12697
0,0,0,0,0,0,0,0,0,0,0,0,0,0,0,0,0,0,0,10.16744
0,0,0,0,0,0,0,0,0,0,0,0,0,0,0,0,0,0,0,10.20257
0,0,0,0,0,0,0,0,0,0,0,0,0,0,0,0,0,0,0,10.24074
0,0,0,0,0,0,0,0,0,0,0,0,0,0,0,0,0,0,0,10.27731
0,0,0,0,0,0,0,0,0,0,0,0,0,0,0,0,0,0,0,10.30979
0,0,0,0,0,0,0,0,0,0,0,0,0,0,0,0,0,0,0,10.34168
0,0,0,0,0,0,0,0,0,0,0,0,0,0,0,0,0,0,0,10.37539
0,0,0,0,0,0,0,0,0,0,0,0,0,0,0,0,0,0,0,10.41165
0,0,0,0,0,0,0,0,0,0,0,0,0,0,0,0,0,0,0,10.44663
0,0,0,0,0,0,0,0,0,0,0,0,0,0,0,0,0,0,0,10.47822
0,0,0,0,0,0,0,0,0,0,0,0,0,0,0,0,0,0,0,10.50911
0,0,0,0,0,0,0,0,0,0,0,0,0,0,0,0,0,0,0,10.54258
0,0,0,0,0,0,0,0,0,0,0,0,0,0,0,0,0,0,0,10.57997
0,0,0,0,0,0,0,0,0,0,0,0,0,0,0,0,0,0,0,10.61357
0,0,0,0,0,0,0,0,0,0,0,0,0,0,0,0,0,0,0,10.64847
0,0,0,0,0,0,0,0,0,0,0,0,0,0,0,0,0,0,0,10.68191
0,0,0,0,0,0,0,0,0,0,0,0,0,0,0,0,0,0,0,10.71741
0,0,0,0,0,0,0,0,0,0,0,0,0,0,0,0,0,0,0,10.74919
0,0,0,0,0,0,0,0,0,0,0,0,0,0,0,0,0,0,0,10.78757
0,0,0,0,0,0,0,0,0,0,0,0,0,0,0,0,0,0,0,10.82619
0,0,0,0,0,0,0,0,0,0,0,0,0,0,0,0,0,0,0,10.85994
0,0,0,0,0,0,0,0,0,0,0,0,0,0,0,0,0,0,0,10.99726
0,0,0,0,0,0,0,0,0,0,0,0,0,0,0,0,0,0,0,11.03507
0,0,0,0,0,0,0,0,0,0,0,0,0,0,0,0,0,0,0,11.07553
0,0,0,0,0,0,0,0,0,0,0,0,0,0,0,0,0,0,0,11.11257
0,0,0,0,0,0,0,0,0,0,0,0,0,0,0,0,0,0,0,11.15057
0,0,0,0,0,0,0,0,0,0,0,0,0,0,0,0,0,0,0,11.18649
0,0,0,0,0,0,0,0,0,0,0,0,0,0,0,0,0,0,0,11.22451
0,0,0,0,0,0,0,0,0,0,0,0,0,0,0,0,0,0,0,11.26135
0,0,0,0,0,0,0,0,0,0,0,0,0,0,0,0,0,0,0,11.29993
0,0,0,0,0,0,0,0,0,0,0,0,0,0,0,0,0,0,0,11.33667
0,0,0,0,0,0,0,0,0,0,0,0,0,0,0,0,0,0,0,11.37098
0,0,0,0,0,0,0,0,0,0,0,0,0,0,0,0,0,0,0,11.4043
0,0,0,0,0,0,0,0,0,0,0,0,0,0,0,0,0,0,0,11.43976
0,0,0,0,0,0,0,0,0,0,0,0,0,0,0,0,0,0,0,11.47716
0,0,0,0,0,0,0,0,0,0,0,0,0,0,0,0,0,0,0,11.50936
0,0,0,0,0,0,0,0,0,0,0,0,0,0,0,0,0,0,0,11.54414
0,0,0,0,0,0,0,0,0,0,0,0,0,0,0,0,0,0,0,11.57765
0,0,0,0,0,0,0,0,0,0,0,0,0,0,0,0,0,0,0,11.61068
0,0,0,0,0,0,0,0,0,0,0,0,0,0,0,0,0,0,0,11.64343
0,0,0,0,0,0,0,0,0,0,0,0,0,0,0,0,0,0,0,11.67816
0,0,0,0,0,0,0,0,0,0,0,0,0,0,0,0,0,0,0,11.71162
0,0,0,0,0,0,0,0,0,0,0,0,0,0,0,0,0,0,0,11.74597
0,0,0,0,0,0,0,0,0,0,0,0,0,0,0,0,0,0,0,11.80858
0,0,0,0,0,0,0,0,0,0,0,0,0,0,0,0,0,0,0,11.84125
0,0,0,0,0,0,0,0,0,0,0,0,0,0,0,0,0,0,0,11.88042
0,0,0,0,0,0,0,0,0,0,0,0,0,0,0,0,0,0,0,11.91475
0,0,0,0,0,0,0,0,0,0,0,0,0,0,0,0,0,0,0,11.94803
0,0,0,0,0,0,0,0,0,0,0,0,0,0,0,0,0,0,0,11.98083
0,0,0,0,0,0,0,0,0,0,0,0,0,0,0,0,0,0,0,12.01409
0,0,0,0,0,0,0,0,0,0,0,0,0,0,0,0,0,0,0,12.04703
0,0,0,0,0,0,0,0,0,0,0,0,0,0,0,0,0,0,0,12.08327
0,0,0,0,0,0,0,0,0,0,0,0,0,0,0,0,0,0,0,12.12069
0,0,0,0,0,0,0,0,0,0,0,0,0,0,0,0,0,0,0,12.15681
0,0,0,0,0,0,0,0,0,0,0,0,0,0,0,0,0,0,0,12.19445
0,0,0,0,0,0,0,0,0,0,0,0,0,0,0,0,0,0,0,12.2321
0,0,0,0,0,0,0,0,0,0,0,0,0,0,0,0,0,0,0,12.27499
0,0,0,0,0,0,0,0,0,0,0,0,0,0,0,0,0,0,0,12.31364
0,0,0,0,0,0,0,0,0,0,0,0,0,0,0,0,0,0,0,12.35466
0,0,0,0,0,0,0,0,0,0,0,0,0,0,0,0,0,0,0,12.39381
0,0,0,0,0,0,0,0,0,0,0,0,0,0,0,0,0,0,0,12.46894
0,0,0,0,0,0,0,0,0,0,0,0,0,0,0,0,0,0,0,12.50199
0,0,0,0,0,0,0,0,0,0,0,0,0,0,0,0,0,0,0,12.53738
0,0,0,0,0,0,0,0,0,0,0,0,0,0,0,0,0,0,0,12.57115
0,0,0,0,0,0,0,0,0,0,0,0,0,0,0,0,0,0,0,12.60529
0,0,0,0,0,0,0,0,0,0,0,0,0,0,0,0,0,0,0,12.64005
0,0,0,0,0,0,0,0,0,0,0,0,0,0,0,0,0,0,0,12.67486
0,0,0,0,0,0,0,0,0,0,0,0,0,0,0,0,0,0,0,12.71535
0,0,0,0,0,0,0,0,0,0,0,0,0,0,0,0,0,0,0,12.74905
0,0,0,0,0,0,0,0,0,0,0,0,0,0,0,0,0,0,0,12.78453
0,0,0,0,0,0,0,0,0,0,0,0,0,0,0,0,0,0,0,12.81856
0,0,0,0,0,0,0,0,0,0,0,0,0,0,0,0,0,0,0,12.85357
0,0,0,0,0,0,0,0,0,0,0,0,0,0,0,0,0,0,0,12.8879
0,0,0,0,0,0,0,0,0,0,0,0,0,0,0,0,0,0,0,12.92181
0,0,0,0,0,0,0,0,0,0,0,0,0,0,0,0,0,0,0,12.95596
0,0,0,0,0,0,0,0,0,0,0,0,0,0,0,0,0,0,0,12.98996
0,0,0,0,0,0,0,0,0,0,0,0,0,0,0,0,0,0,0,13.02452
0,0,0,0,0,0,0,0,0,0,0,0,0,0,0,0,0,0,0,13.05837
0,0,0,0,0,0,0,0,0,0,0,0,0,0,0,0,0,0,0,13.09863
0,0,0,0,0,0,0,0,0,0,0,0,0,0,0,0,0,0,0,13.13387
0,0,0,0,0,0,0,0,0,0,0,0,0,0,0,0,0,0,0,13.17459
0,0,0,0,0,0,0,0,0,0,0,0,0,0,0,0,0,0,0,13.21477
0,0,0,0,0,0,0,0,0,0,0,0,0,0,0,0,0,0,0,13.25525
0,0,0,0,0,0,0,0,0,0,0,0,0,0,0,0,0,0,0,13.29511
0,0,0,0,0,0,0,0,0,0,0,0,0,0,0,0,0,0,0,13.33559
0,0,0,0,0,0,0,0,0,0,0,0,0,0,0,0,0,0,0,13.37371
0,0,0,0,0,0,0,0,0,0,0,0,0,0,0,0,0,0,0,13.40785
0,0,0,0,0,0,0,0,0,0,0,0,0,0,0,0,0,0,0,13.44581
0,0,0,0,0,0,0,0,0,0,0,0,0,0,0,0,0,0,0,13.48268
0,0,0,0,0,0,0,0,0,0,0,0,0,0,0,0,0,0,0,13.51655
0,0,0,0,0,0,0,0,0,0,0,0,0,0,0,0,0,0,0,13.5583
0,0,0,0,0,0,0,0,0,0,0,0,0,0,0,0,0,0,0,13.59573
0,0,0,0,0,0,0,0,0,0,0,0,0,0,0,0,0,0,0,13.63161
0,0,0,0,0,0,0,0,0,0,0,0,0,0,0,0,0,0,0,13.6669
0,0,0,0,0,0,0,0,0,0,0,0,0,0,0,0,0,0,0,13.70294
0,0,0,0,0,0,0,0,0,0,0,0,0,0,0,0,0,0,0,13.73873
0,0,0,0,0,0,0,0,0,0,0,0,0,0,0,0,0,0,0,13.77539
0,0,0,0,0,0,0,0,0,0,0,0,0,0,0,0,0,0,0,13.81248
0,0,0,0,0,0,0,0,0,0,0,0,0,0,0,0,0,0,0,13.84918
0,0,0,0,0,0,0,0,0,0,0,0,0,0,0,0,0,0,0,13.88558
0,0,0,0,0,0,0,0,0,0,0,0,0,0,0,0,0,0,0,13.92109
0,0,0,0,0,0,0,0,0,0,0,0,0,0,0,0,0,0,0,13.9623
0,0,0,0,0,0,0,0,0,0,0,0,0,0,0,0,0,0,0,13.9979
0,0,0,0,0,0,0,0,0,0,0,0,0,0,0,0,0,0,0,14.03483
0,0,0,0,0,0,0,0,0,0,0,0,0,0,0,0,0,0,0,14.0731
0,0,0,0,0,0,0,0,0,0,0,0,0,0,0,0,0,0,0,14.10917
0,0,0,0,0,0,0,0,0,0,0,0,0,0,0,0,0,0,0,14.1462
0,0,0,0,0,0,0,0,0,0,0,0,0,0,0,0,0,0,0,14.18683
0,0,0,0,0,0,0,0,0,0,0,0,0,0,0,0,0,0,0,14.2279
0,0,0,0,0,0,0,0,0,0,0,0,0,0,0,0,0,0,0,14.26869
0,0,0,0,0,0,0,0,0,0,0,0,0,0,0,0,0,0,0,14.308
0,0,0,0,0,0,0,0,0,0,0,0,0,0,0,0,0,0,0,14.34983
0,0,0,0,0,0,0,0,0,0,0,0,0,0,0,0,0,0,0,14.39599
0,0,0,0,0,0,0,0,0,0,0,0,0,0,0,0,0,0,0,14.43859
0,0,0,0,0,0,0,0,0,0,0,0,0,0,0,0,0,0,0,14.47989
0,0,0,0,0,0,0,0,0,0,0,0,0,0,0,0,0,0,0,14.52044
0,0,0,0,0,0,0,0,0,0,0,0,0,0,0,0,0,0,0,14.55895
0,0,0,0,0,0,0,0,0,0,0,0,0,0,0,0,0,0,0,14.59503
0,0,0,0,0,0,0,0,0,0,0,0,0,0,0,0,0,0,0,14.63093
0,0,0,0,0,0,0,0,0,0,0,0,0,0,0,0,0,0,0,14.66737
0,0,0,0,0,0,0,0,0,0,0,0,0,0,0,0,0,0,0,14.70566
0,0,0,0,0,0,0,0,0,0,0,0,0,0,0,0,0,0,0,14.74389
0,0,0,0,0,0,0,0,0,0,0,0,0,0,0,0,0,0,0,14.77966
0,0,0,0,0,0,0,0,0,0,0,0,0,0,0,0,0,0,0,14.82548
0,0,0,0,0,0,0,0,0,0,0,0,0,0,0,0,0,0,0,14.86546
0,0,0,0,0,0,0,0,0,0,0,0,0,0,0,0,0,0,0,14.90363
0,0,0,0,0,0,0,0,0,0,0,0,0,0,0,0,0,0,0,14.94238
0,0,0,0,0,0,0,0,0,0,0,0,0,0,0,0,0,0,0,14.97944
0,0,0,0,0,0,0,0,0,0,0,0,0,0,0,0,0,0,0,15.01614
0,0,0,0,0,0,0,0,0,0,0,0,0,0,0,0,0,0,0,15.05457
0,0,0,0,0,0,0,0,0,0,0,0,0,0,0,0,0,0,0,15.09056
0,0,0,0,0,0,0,0,0,0,0,0,0,0,0,0,0,0,0,15.12815
0,0,0,0,0,0,0,0,0,0,0,0,0,0,0,0,0,0,0,15.16631
0,0,0,0,0,0,0,0,0,0,0,0,0,0,0,0,0,0,0,15.20399
0,0,0,0,0,0,0,0,0,0,0,0,0,0,0,0,0,0,0,15.24772
0,0,0,0,0,0,0,0,0,0,0,0,0,0,0,0,0,0,0,15.28993
0,0,0,0,0,0,0,0,0,0,0,0,0,0,0,0,0,0,0,15.33215
0,0,0,0,0,0,0,0,0,0,0,0,0,0,0,0,0,0,0,15.37387
0,0,0,0,0,0,0,0,0,0,0,0,0,0,0,0,0,0,0,15.4171
0,0,0,0,0,0,0,0,0,0,0,0,0,0,0,0,0,0,0,15.45642
0,0,0,0,0,0,0,0,0,0,0,0,0,0,0,0,0,0,0,15.49991
0,0,0,0,0,0,0,0,0,0,0,0,0,0,0,0,0,0,0,15.54265
0,0,0,0,0,0,0,0,0,0,0,0,0,0,0,0,0,0,0,15.58544
0,0,0,0,0,0,0,0,0,0,0,0,0,0,0,0,0,0,0,15.62815
0,0,0,0,0,0,0,0,0,0,0,0,0,0,0,0,0,0,0,15.66666
0,0,0,0,0,0,0,0,0,0,0,0,0,0,0,0,0,0,0,15.70817
0,0,0,0,0,0,0,0,0,0,0,0,0,0,0,0,0,0,0,15.74576
0,0,0,0,0,0,0,0,0,0,0,0,0,0,0,0,0,0,0,15.80581
0,0,0,0,0,0,0,0,0,0,0,0,0,0,0,0,0,0,0,15.84441
0,0,0,0,0,0,0,0,0,0,0,0,0,0,0,0,0,0,0,15.88292
0,0,0,0,0,0,0,0,0,0,0,0,0,0,0,0,0,0,0,15.92032
0,0,0,0,0,0,0,0,0,0,0,0,0,0,0,0,0,0,0,15.95799
0,0,0,0,0,0,0,0,0,0,0,0,0,0,0,0,0,0,0,15.99562
0,0,0,0,0,0,0,0,0,0,0,0,0,0,0,0,0,0,0,16.03391
0,0,0,0,0,0,0,0,0,0,0,0,0,0,0,0,0,0,0,16.07341
0,0,0,0,0,0,0,0,0,0,0,0,0,0,0,0,0,0,0,16.11107
0,0,0,0,0,0,0,0,0,0,0,0,0,0,0,0,0,0,0,16.15376
0,0,0,0,0,0,0,0,0,0,0,0,0,0,0,0,0,0,0,16.19213
0,0,0,0,0,0,0,0,0,0,0,0,0,0,0,0,0,0,0,16.2297
0,0,0,0,0,0,0,0,0,0,0,0,0,0,0,0,0,0,0,16.26844
0,0,0,0,0,0,0,0,0,0,0,0,0,0,0,0,0,0,0,16.30689
0,0,0,0,0,0,0,0,0,0,0,0,0,0,0,0,0,0,0,16.34551
0,0,0,0,0,0,0,0,0,0,0,0,0,0,0,0,0,0,0,16.38784
0,0,0,0,0,0,0,0,0,0,0,0,0,0,0,0,0,0,0,16.43167
0,0,0,0,0,0,0,0,0,0,0,0,0,0,0,0,0,0,0,16.47441
0,0,0,0,0,0,0,0,0,0,0,0,0,0,0,0,0,0,0,16.51693
0,0,0,0,0,0,0,0,0,0,0,0,0,0,0,0,0,0,0,16.55984
0,0,0,0,0,0,0,0,0,0,0,0,0,0,0,0,0,0,0,16.60484
0,0,0,0,0,0,0,0,0,0,0,0,0,0,0,0,0,0,0,16.65353
0,0,0,0,0,0,0,0,0,0,0,0,0,0,0,0,0,0,0,16.69884
0,0,0,0,0,0,0,0,0,0,0,0,0,0,0,0,0,0,0,16.74169
0,0,0,0,0,0,0,0,0,0,0,0,0,0,0,0,0,0,0,16.78364
0,0,0,0,0,0,0,0,0,0,0,0,0,0,0,0,0,0,0,16.82319
0,0,0,0,0,0,0,0,0,0,0,0,0,0,0,0,0,0,0,16.86113
0,0,0,0,0,0,0,0,0,0,0,0,0,0,0,0,0,0,0,16.90027
0,0,0,0,0,0,0,0,0,0,0,0,0,0,0,0,0,0,0,16.939
0,0,0,0,0,0,0,0,0,0,0,0,0,0,0,0,0,0,0,16.9779
0,0,0,0,0,0,0,0,0,0,0,0,0,0,0,0,0,0,0,17.0172
0,0,0,0,0,0,0,0,0,0,0,0,0,0,0,0,0,0,0,17.05618
0,0,0,0,0,0,0,0,0,0,0,0,0,0,0,0,0,0,0,17.1012
0,0,0,0,0,0,0,0,0,0,0,0,0,0,0,0,0,0,0,17.14012
0,0,0,0,0,0,0,0,0,0,0,0,0,0,0,0,0,0,0,17.17941
0,0,0,0,0,0,0,0,0,0,0,0,0,0,0,0,0,0,0,17.21883
0,0,0,0,0,0,0,0,0,0,0,0,0,0,0,0,0,0,0,17.25742
0,0,0,0,0,0,0,0,0,0,0,0,0,0,0,0,0,0,0,17.29629
0,0,0,0,0,0,0,0,0,0,0,0,0,0,0,0,0,0,0,17.33572
0,0,0,0,0,0,0,0,0,0,0,0,0,0,0,0,0,0,0,17.37671
0,0,0,0,0,0,0,0,0,0,0,0,0,0,0,0,0,0,0,17.41539
0,0,0,0,0,0,0,0,0,0,0,0,0,0,0,0,0,0,0,17.45734
0,0,0,0,0,0,0,0,0,0,0,0,0,0,0,0,0,0,0,17.50101
0,0,0,0,0,0,0,0,0,0,0,0,0,0,0,0,0,0,0,17.54987
0,0,0,0,0,0,0,0,0,0,0,0,0,0,0,0,0,0,0,17.59535
0,0,0,0,0,0,0,0,0,0,0,0,0,0,0,0,0,0,0,17.63752
0,0,0,0,0,0,0,0,0,0,0,0,0,0,0,0,0,0,0,17.68435
0,0,0,0,0,0,0,0,0,0,0,0,0,0,0,0,0,0,0,17.72716
0,0,0,0,0,0,0,0,0,0,0,0,0,0,0,0,0,0,0,17.77327
0,0,0,0,0,0,0,0,0,0,0,0,0,0,0,0,0,0,0,17.84876
0,0,0,0,0,0,0,0,0,0,0,0,0,0,0,0,0,0,0,17.88942
0,0,0,0,0,0,0,0,0,0,0,0,0,0,0,0,0,0,0,17.92858
0,0,0,0,0,0,0,0,0,0,0,0,0,0,0,0,0,0,0,17.96808
0,0,0,0,0,0,0,0,0,0,0,0,0,0,0,0,0,0,0,18.008
0,0,0,0,0,0,0,0,0,0,0,0,0,0,0,0,0,0,0,18.05379
0,0,0,0,0,0,0,0,0,0,0,0,0,0,0,0,0,0,0,18.09542
0,0,0,0,0,0,0,0,0,0,0,0,0,0,0,0,0,0,0,18.13668
0,0,0,0,0,0,0,0,0,0,0,0,0,0,0,0,0,0,0,18.17634
0,0,0,0,0,0,0,0,0,0,0,0,0,0,0,0,0,0,0,18.21613
0,0,0,0,0,0,0,0,0,0,0,0,0,0,0,0,0,0,0,18.25691
0,0,0,0,0,0,0,0,0,0,0,0,0,0,0,0,0,0,0,18.29577
0,0,0,0,0,0,0,0,0,0,0,0,0,0,0,0,0,0,0,18.33752
0,0,0,0,0,0,0,0,0,0,0,0,0,0,0,0,0,0,0,18.37889
0,0,0,0,0,0,0,0,0,0,0,0,0,0,0,0,0,0,0,18.41842
0,0,0,0,0,0,0,0,0,0,0,0,0,0,0,0,0,0,0,18.46078
0,0,0,0,0,0,0,0,0,0,0,0,0,0,0,0,0,0,0,18.50635
0,0,0,0,0,0,0,0,0,0,0,0,0,0,0,0,0,0,0,18.55094
0,0,0,0,0,0,0,0,0,0,0,0,0,0,0,0,0,0,0,18.59588
0,0,0,0,0,0,0,0,0,0,0,0,0,0,0,0,0,0,0,18.64168
0,0,0,0,0,0,0,0,0,0,0,0,0,0,0,0,0,0,0,18.68786
0,0,0,0,0,0,0,0,0,0,0,0,0,0,0,0,0,0,0,18.73325
0,0,0,0,0,0,0,0,0,0,0,0,0,0,0,0,0,0,0,18.77863
0,0,0,0,0,0,0,0,0,0,0,0,0,0,0,0,0,0,0,18.82422
0,0,0,0,0,0,0,0,0,0,0,0,0,0,0,0,0,0,0,18.86841
0,0,0,0,0,0,0,0,0,0,0,0,0,0,0,0,0,0,0,18.91377
0,0,0,0,0,0,0,0,0,0,0,0,0,0,0,0,0,0,0,18.95626
0,0,0,0,0,0,0,0,0,0,0,0,0,0,0,0,0,0,0,19.00315
0,0,0,0,0,0,0,0,0,0,0,0,0,0,0,0,0,0,0,19.04562
0,0,0,0,0,0,0,0,0,0,0,0,0,0,0,0,0,0,0,19.08695
0,0,0,0,0,0,0,0,0,0,0,0,0,0,0,0,0,0,0,19.12776
0,0,0,0,0,0,0,0,0,0,0,0,0,0,0,0,0,0,0,19.1687
0,0,0,0,0,0,0,0,0,0,0,0,0,0,0,0,0,0,0,19.21095
0,0,0,0,0,0,0,0,0,0,0,0,0,0,0,0,0,0,0,19.25528
0,0,0,0,0,0,0,0,0,0,0,0,0,0,0,0,0,0,0,19.29905
0,0,0,0,0,0,0,0,0,0,0,0,0,0,0,0,0,0,0,19.33936
0,0,0,0,0,0,0,0,0,0,0,0,0,0,0,0,0,0,0,19.38161
0,0,0,0,0,0,0,0,0,0,0,0,0,0,0,0,0,0,0,19.42495
0,0,0,0,0,0,0,0,0,0,0,0,0,0,0,0,0,0,0,19.47194
0,0,0,0,0,0,0,0,0,0,0,0,0,0,0,0,0,0,0,19.5153
0,0,0,0,0,0,0,0,0,0,0,0,0,0,0,0,0,0,0,19.55654
0,0,0,0,0,0,0,0,0,0,0,0,0,0,0,0,0,0,0,19.59773
0,0,0,0,0,0,0,0,0,0,0,0,0,0,0,0,0,0,0,19.64261
0,0,0,0,0,0,0,0,0,0,0,0,0,0,0,0,0,0,0,19.68994
0,0,0,0,0,0,0,0,0,0,0,0,0,0,0,0,0,0,0,19.73865
0,0,0,0,0,0,0,0,0,0,0,0,0,0,0,0,0,0,0,19.78743
0,0,0,0,0,0,0,0,0,0,0,0,0,0,0,0,0,0,0,19.86026
0,0,0,0,0,0,0,0,0,0,0,0,0,0,0,0,0,0,0,19.90644
0,0,0,0,0,0,0,0,0,0,0,0,0,0,0,0,0,0,0,19.9526
0,0,0,0,0,0,0,0,0,0,0,0,0,0,0,0,0,0,0,19.99771
0,0,0,0,0,0,0,0,0,0,0,0,0,0,0,0,0,0,0,20.04563
0,0,0,0,0,0,0,0,0,0,0,0,0,0,0,0,0,0,0,20.08722
0,0,0,0,0,0,0,0,0,0,0,0,0,0,0,0,0,0,0,20.13011
0,0,0,0,0,0,0,0,0,0,0,0,0,0,0,0,0,0,0,20.17319
0,0,0,0,0,0,0,0,0,0,0,0,0,0,0,0,0,0,0,20.21541
0,0,0,0,0,0,0,0,0,0,0,0,0,0,0,0,0,0,0,20.25756
0,0,0,0,0,0,0,0,0,0,0,0,0,0,0,0,0,0,0,20.30024
0,0,0,0,0,0,0,0,0,0,0,0,0,0,0,0,0,0,0,20.34173
0,0,0,0,0,0,0,0,0,0,0,0,0,0,0,0,0,0,0,20.38436
0,0,0,0,0,0,0,0,0,0,0,0,0,0,0,0,0,0,0,20.42618
0,0,0,0,0,0,0,0,0,0,0,0,0,0,0,0,0,0,0,20.469
0,0,0,0,0,0,0,0,0,0,0,0,0,0,0,0,0,0,0,20.51722
0,0,0,0,0,0,0,0,0,0,0,0,0,0,0,0,0,0,0,20.56034
0,0,0,0,0,0,0,0,0,0,0,0,0,0,0,0,0,0,0,20.60385
0,0,0,0,0,0,0,0,0,0,0,0,0,0,0,0,0,0,0,20.64771
0,0,0,0,0,0,0,0,0,0,0,0,0,0,0,0,0,0,0,20.68982
0,0,0,0,0,0,0,0,0,0,0,0,0,0,0,0,0,0,0,20.7365
0,0,0,0,0,0,0,0,0,0,0,0,0,0,0,0,0,0,0,20.78739
0,0,0,0,0,0,0,0,0,0,0,0,0,0,0,0,0,0,0,20.8405
